,Index,Baseline,Advanced
0,1,1,1
1,2,1,1
2,3,1,1
3,4,1,1
4,5,1,1
5,6,1,1
6,7,1,1
7,8,1,1
8,9,1,1
9,10,1,1
10,11,1,1
11,12,1,1
12,13,1,1
13,14,18,1
14,15,1,1
15,16,1,1
16,17,1,1
17,18,1,1
18,19,1,1
19,20,1,1
20,21,1,1
21,22,1,1
22,23,1,1
23,24,1,1
24,25,1,1
25,26,1,1
26,27,1,1
27,28,1,1
28,29,1,1
29,30,1,1
30,31,1,1
31,32,1,1
32,33,1,1
33,34,1,1
34,35,1,1
35,36,1,1
36,37,1,1
37,38,1,1
38,39,1,1
39,40,1,1
40,41,3,1
41,42,1,1
42,43,1,1
43,44,1,1
44,45,19,1
45,46,1,1
46,47,1,1
47,48,1,1
48,49,1,1
49,50,1,1
50,51,1,1
51,52,1,1
52,53,1,1
53,54,1,1
54,55,1,1
55,56,1,1
56,57,1,1
57,58,1,1
58,59,1,1
59,60,1,1
60,61,1,1
61,62,1,1
62,63,1,1
63,64,1,1
64,65,1,1
65,66,3,1
66,67,1,1
67,68,1,1
68,69,1,1
69,70,1,1
70,71,1,1
71,72,1,1
72,73,21,1
73,74,1,1
74,75,1,1
75,76,1,1
76,77,1,1
77,78,1,1
78,79,1,1
79,80,1,1
80,81,1,1
81,82,1,1
82,83,1,1
83,84,16,1
84,85,1,1
85,86,1,1
86,87,1,1
87,88,1,1
88,89,1,1
89,90,16,1
90,91,1,1
91,92,4,1
92,93,21,1
93,94,1,1
94,95,1,1
95,96,1,1
96,97,1,1
97,98,1,1
98,99,1,1
99,100,1,1
100,101,1,1
101,102,1,1
102,103,1,1
103,104,1,1
104,105,1,1
105,106,1,1
106,107,22,1
107,108,1,1
108,109,1,1
109,110,1,1
110,111,1,1
111,112,1,1
112,113,2,2
113,114,2,2
114,115,2,2
115,116,2,2
116,117,2,2
117,118,2,2
118,119,2,2
119,120,2,2
120,121,2,2
121,122,2,2
122,123,2,2
123,124,2,2
124,125,2,2
125,126,2,2
126,127,2,2
127,128,2,2
128,129,2,2
129,130,2,2
130,131,2,2
131,132,2,2
132,133,2,2
133,134,2,2
134,135,2,2
135,136,2,2
136,137,2,2
137,138,2,2
138,139,2,2
139,140,8,2
140,141,2,2
141,142,2,2
142,143,2,2
143,144,2,2
144,145,2,2
145,146,2,2
146,147,2,2
147,148,2,2
148,149,2,2
149,150,2,2
150,151,2,2
151,152,2,2
152,153,2,2
153,154,2,2
154,155,2,2
155,156,2,2
156,157,2,2
157,158,2,2
158,159,2,2
159,160,8,2
160,161,2,2
161,162,2,2
162,163,2,2
163,164,2,2
164,165,2,2
165,166,2,2
166,167,2,2
167,168,2,2
168,169,8,2
169,170,2,2
170,171,2,2
171,172,2,2
172,173,2,2
173,174,2,2
174,175,2,2
175,176,2,2
176,177,2,2
177,178,2,2
178,179,2,2
179,180,2,2
180,181,2,2
181,182,2,2
182,183,2,2
183,184,20,2
184,185,2,2
185,186,2,2
186,187,2,2
187,188,2,2
188,189,2,2
189,190,20,2
190,191,2,2
191,192,2,2
192,193,2,2
193,194,2,2
194,195,2,2
195,196,2,2
196,197,2,2
197,198,2,2
198,199,2,2
199,200,2,2
200,201,2,2
201,202,2,2
202,203,2,2
203,204,2,2
204,205,8,2
205,206,2,2
206,207,2,2
207,208,2,2
208,209,2,2
209,210,2,2
210,211,2,2
211,212,2,2
212,213,2,2
213,214,2,2
214,215,2,2
215,216,2,2
216,217,9,2
217,218,2,2
218,219,2,2
219,220,2,2
220,221,2,2
221,222,2,2
222,223,2,2
223,224,2,2
224,225,2,2
225,226,2,2
226,227,3,3
227,228,9,3
228,229,3,3
229,230,3,3
230,231,3,3
231,232,3,3
232,233,3,3
233,234,3,3
234,235,3,3
235,236,3,3
236,237,3,3
237,238,3,3
238,239,3,3
239,240,3,3
240,241,3,3
241,242,3,3
242,243,3,3
243,244,3,3
244,245,3,3
245,246,3,3
246,247,3,3
247,248,3,3
248,249,3,3
249,250,3,3
250,251,3,3
251,252,3,3
252,253,3,3
253,254,3,3
254,255,3,3
255,256,3,3
256,257,3,3
257,258,3,3
258,259,3,3
259,260,3,3
260,261,3,3
261,262,3,3
262,263,3,3
263,264,4,3
264,265,3,3
265,266,3,3
266,267,3,3
267,268,3,3
268,269,3,3
269,270,3,3
270,271,3,3
271,272,3,3
272,273,3,3
273,274,3,3
274,275,3,3
275,276,3,3
276,277,3,3
277,278,3,3
278,279,3,3
279,280,3,3
280,281,3,3
281,282,1,3
282,283,3,3
283,284,3,3
284,285,3,3
285,286,3,3
286,287,3,3
287,288,3,3
288,289,3,3
289,290,1,3
290,291,3,3
291,292,3,3
292,293,22,3
293,294,3,3
294,295,13,3
295,296,3,3
296,297,3,3
297,298,3,3
298,299,16,3
299,300,3,3
300,301,3,3
301,302,3,3
302,303,22,3
303,304,22,3
304,305,3,3
305,306,3,3
306,307,3,3
307,308,3,3
308,309,3,3
309,310,3,3
310,311,3,3
311,312,3,3
312,313,3,3
313,314,16,3
314,315,3,3
315,316,3,3
316,317,19,3
317,318,4,3
318,319,3,3
319,320,3,3
320,321,3,3
321,322,1,3
322,323,3,3
323,324,3,3
324,325,3,16
325,326,3,3
326,327,3,3
327,328,3,3
328,329,3,3
329,330,3,3
330,331,3,3
331,332,3,3
332,333,3,3
333,334,3,3
334,335,13,3
335,336,3,3
336,337,3,3
337,338,3,3
338,339,1,3
339,340,3,3
340,341,3,3
341,342,3,3
342,343,3,3
343,344,6,3
344,345,3,3
345,346,3,3
346,347,3,3
347,348,3,3
348,349,3,3
349,350,3,3
350,351,3,3
351,352,3,3
352,353,3,3
353,354,3,3
354,355,3,3
355,356,1,3
356,357,3,3
357,358,1,3
358,359,1,3
359,360,6,3
360,361,3,3
361,362,4,4
362,363,4,4
363,364,4,4
364,365,4,4
365,366,4,4
366,367,4,4
367,368,4,4
368,369,4,4
369,370,4,4
370,371,4,4
371,372,4,4
372,373,4,4
373,374,4,4
374,375,4,4
375,376,4,4
376,377,4,4
377,378,4,4
378,379,4,4
379,380,4,4
380,381,4,4
381,382,4,4
382,383,4,4
383,384,4,4
384,385,4,4
385,386,4,4
386,387,4,4
387,388,4,4
388,389,4,4
389,390,4,4
390,391,10,4
391,392,4,4
392,393,4,4
393,394,4,4
394,395,4,4
395,396,4,4
396,397,3,4
397,398,4,4
398,399,4,4
399,400,4,4
400,401,4,4
401,402,4,4
402,403,4,4
403,404,4,4
404,405,4,4
405,406,4,4
406,407,4,4
407,408,4,4
408,409,4,4
409,410,4,4
410,411,4,4
411,412,6,4
412,413,4,4
413,414,4,4
414,415,4,4
415,416,4,4
416,417,4,4
417,418,4,4
418,419,4,4
419,420,3,4
420,421,3,4
421,422,4,4
422,423,4,4
423,424,4,4
424,425,10,4
425,426,12,4
426,427,4,4
427,428,11,4
428,429,12,4
429,430,10,4
430,431,4,4
431,432,13,4
432,433,1,4
433,434,4,4
434,435,4,4
435,436,4,4
436,437,1,4
437,438,4,4
438,439,1,4
439,440,4,4
440,441,4,4
441,442,11,4
442,443,4,4
443,444,4,4
444,445,11,4
445,446,4,4
446,447,4,4
447,448,4,4
448,449,4,4
449,450,3,4
450,451,4,4
451,452,4,4
452,453,4,4
453,454,4,4
454,455,4,4
455,456,4,4
456,457,10,4
457,458,10,4
458,459,6,4
459,460,4,4
460,461,4,4
461,462,4,4
462,463,3,4
463,464,4,4
464,465,4,4
465,466,4,4
466,467,3,4
467,468,4,4
468,469,4,4
469,470,4,4
470,471,4,4
471,472,4,11
472,473,4,4
473,474,4,4
474,475,4,4
475,476,10,4
476,477,4,4
477,478,4,4
478,479,4,4
479,480,5,5
480,481,5,5
481,482,5,5
482,483,5,5
483,484,5,5
484,485,5,5
485,486,5,5
486,487,7,5
487,488,5,5
488,489,5,5
489,490,5,5
490,491,5,5
491,492,5,5
492,493,5,5
493,494,5,5
494,495,5,5
495,496,5,5
496,497,5,5
497,498,5,5
498,499,5,5
499,500,5,5
500,501,5,5
501,502,5,5
502,503,5,5
503,504,5,5
504,505,5,5
505,506,5,5
506,507,5,5
507,508,5,5
508,509,5,5
509,510,5,5
510,511,5,5
511,512,7,5
512,513,5,5
513,514,5,5
514,515,5,5
515,516,5,5
516,517,5,5
517,518,5,5
518,519,5,5
519,520,5,5
520,521,5,5
521,522,5,5
522,523,5,5
523,524,5,5
524,525,5,5
525,526,5,5
526,527,5,5
527,528,5,5
528,529,5,5
529,530,5,5
530,531,18,5
531,532,5,5
532,533,5,5
533,534,18,5
534,535,5,5
535,536,5,5
536,537,5,5
537,538,5,5
538,539,5,5
539,540,5,5
540,541,5,5
541,542,17,5
542,543,5,5
543,544,14,5
544,545,5,5
545,546,5,5
546,547,5,5
547,548,5,5
548,549,5,5
549,550,5,5
550,551,5,5
551,552,18,5
552,553,5,5
553,554,5,5
554,555,5,5
555,556,5,5
556,557,5,5
557,558,5,5
558,559,5,5
559,560,5,5
560,561,21,5
561,562,5,5
562,563,18,5
563,564,5,5
564,565,14,5
565,566,17,5
566,567,5,5
567,568,5,5
568,569,5,5
569,570,5,5
570,571,5,5
571,572,5,5
572,573,5,5
573,574,17,5
574,575,7,5
575,576,5,5
576,577,5,5
577,578,5,5
578,579,5,5
579,580,5,5
580,581,5,5
581,582,5,5
582,583,5,5
583,584,5,4
584,585,15,5
585,586,5,5
586,587,5,5
587,588,5,5
588,589,6,6
589,590,6,6
590,591,6,6
591,592,6,6
592,593,6,6
593,594,6,6
594,595,6,6
595,596,6,6
596,597,6,6
597,598,6,6
598,599,6,6
599,600,6,6
600,601,6,6
601,602,6,6
602,603,6,6
603,604,6,6
604,605,6,6
605,606,6,6
606,607,6,6
607,608,6,6
608,609,6,6
609,610,6,6
610,611,6,6
611,612,6,6
612,613,6,6
613,614,6,6
614,615,6,6
615,616,6,6
616,617,6,6
617,618,6,6
618,619,6,6
619,620,14,6
620,621,6,6
621,622,6,6
622,623,21,6
623,624,6,6
624,625,6,6
625,626,6,6
626,627,6,6
627,628,6,6
628,629,6,6
629,630,6,6
630,631,6,6
631,632,6,6
632,633,6,6
633,634,6,6
634,635,6,6
635,636,6,6
636,637,16,6
637,638,6,6
638,639,6,6
639,640,6,6
640,641,6,6
641,642,3,6
642,643,22,6
643,644,6,6
644,645,6,6
645,646,16,6
646,647,6,6
647,648,6,6
648,649,6,6
649,650,6,6
650,651,14,6
651,652,6,6
652,653,6,6
653,654,15,6
654,655,6,6
655,656,6,6
656,657,6,6
657,658,9,6
658,659,6,6
659,660,6,6
660,661,12,6
661,662,4,6
662,663,6,6
663,664,6,6
664,665,21,6
665,666,6,6
666,667,6,6
667,668,12,6
668,669,6,6
669,670,6,6
670,671,6,6
671,672,3,6
672,673,6,6
673,674,3,6
674,675,19,6
675,676,6,6
676,677,13,6
677,678,6,6
678,679,6,6
679,680,6,6
680,681,6,6
681,682,16,6
682,683,6,6
683,684,6,6
684,685,11,6
685,686,12,6
686,687,6,6
687,688,21,6
688,689,3,6
689,690,11,6
690,691,6,6
691,692,16,6
692,693,7,7
693,694,7,7
694,695,7,7
695,696,7,7
696,697,7,7
697,698,7,7
698,699,7,7
699,700,7,7
700,701,7,7
701,702,7,7
702,703,7,7
703,704,7,7
704,705,7,7
705,706,7,7
706,707,7,7
707,708,7,7
708,709,7,7
709,710,7,7
710,711,7,7
711,712,7,7
712,713,7,7
713,714,7,7
714,715,7,7
715,716,7,7
716,717,7,7
717,718,7,7
718,719,7,7
719,720,7,7
720,721,7,7
721,722,7,7
722,723,17,7
723,724,7,7
724,725,7,7
725,726,7,7
726,727,7,7
727,728,5,7
728,729,7,7
729,730,7,7
730,731,7,7
731,732,7,7
732,733,7,7
733,734,7,7
734,735,7,7
735,736,7,7
736,737,7,7
737,738,7,7
738,739,7,7
739,740,21,7
740,741,7,7
741,742,7,7
742,743,7,7
743,744,17,7
744,745,7,7
745,746,7,7
746,747,7,7
747,748,7,7
748,749,7,7
749,750,19,7
750,751,7,7
751,752,20,7
752,753,20,7
753,754,7,7
754,755,1,7
755,756,7,7
756,757,21,7
757,758,7,7
758,759,7,7
759,760,7,7
760,761,7,7
761,762,7,7
762,763,7,7
763,764,7,7
764,765,18,7
765,766,7,7
766,767,20,7
767,768,7,7
768,769,18,7
769,770,7,7
770,771,7,7
771,772,7,7
772,773,7,7
773,774,19,7
774,775,5,7
775,776,7,7
776,777,7,7
777,778,7,7
778,779,7,7
779,780,7,7
780,781,7,7
781,782,7,7
782,783,7,7
783,784,20,7
784,785,8,7
785,786,14,7
786,787,7,7
787,788,19,7
788,789,14,7
789,790,7,7
790,791,7,7
791,792,7,7
792,793,13,7
793,794,7,7
794,795,7,7
795,796,5,7
796,797,7,7
797,798,21,7
798,799,17,7
799,800,7,7
800,801,7,7
801,802,7,7
802,803,7,7
803,804,5,7
804,805,1,7
805,806,7,7
806,807,8,8
807,808,8,8
808,809,8,8
809,810,8,8
810,811,8,8
811,812,8,8
812,813,8,8
813,814,8,8
814,815,8,8
815,816,8,8
816,817,8,8
817,818,8,8
818,819,8,8
819,820,8,8
820,821,8,8
821,822,8,8
822,823,8,8
823,824,8,8
824,825,8,8
825,826,8,8
826,827,8,8
827,828,8,8
828,829,8,8
829,830,8,8
830,831,8,8
831,832,8,8
832,833,8,8
833,834,8,8
834,835,8,8
835,836,8,8
836,837,8,8
837,838,8,8
838,839,8,8
839,840,8,8
840,841,8,8
841,842,8,8
842,843,8,8
843,844,8,8
844,845,8,8
845,846,8,8
846,847,8,8
847,848,9,8
848,849,8,8
849,850,8,8
850,851,8,8
851,852,8,8
852,853,8,8
853,854,8,8
854,855,8,8
855,856,8,8
856,857,8,8
857,858,8,8
858,859,8,8
859,860,8,8
860,861,8,8
861,862,8,8
862,863,8,8
863,864,8,8
864,865,8,8
865,866,8,8
866,867,8,8
867,868,8,8
868,869,2,8
869,870,8,8
870,871,8,8
871,872,8,8
872,873,8,8
873,874,8,8
874,875,8,8
875,876,8,8
876,877,8,8
877,878,8,8
878,879,8,8
879,880,8,8
880,881,8,8
881,882,8,8
882,883,8,8
883,884,8,8
884,885,2,8
885,886,8,8
886,887,17,8
887,888,8,8
888,889,8,8
889,890,8,8
890,891,8,8
891,892,8,8
892,893,8,8
893,894,8,8
894,895,8,8
895,896,8,8
896,897,19,8
897,898,2,8
898,899,8,8
899,900,8,8
900,901,8,8
901,902,2,8
902,903,8,8
903,904,17,8
904,905,8,8
905,906,8,8
906,907,8,8
907,908,8,8
908,909,8,8
909,910,8,8
910,911,2,8
911,912,2,8
912,913,8,8
913,914,8,8
914,915,8,8
915,916,8,8
916,917,8,8
917,918,8,8
918,919,8,8
919,920,8,8
920,921,8,8
921,922,17,8
922,923,8,8
923,924,8,8
924,925,8,8
925,926,8,8
926,927,9,9
927,928,9,9
928,929,9,9
929,930,9,9
930,931,9,9
931,932,9,9
932,933,9,9
933,934,9,9
934,935,9,9
935,936,9,9
936,937,9,9
937,938,9,9
938,939,9,9
939,940,9,9
940,941,9,9
941,942,9,9
942,943,9,9
943,944,9,9
944,945,9,9
945,946,9,9
946,947,9,9
947,948,9,9
948,949,9,9
949,950,9,9
950,951,9,9
951,952,9,9
952,953,9,9
953,954,9,9
954,955,9,9
955,956,9,9
956,957,9,9
957,958,9,9
958,959,9,9
959,960,2,9
960,961,9,9
961,962,9,9
962,963,9,9
963,964,20,9
964,965,9,9
965,966,9,9
966,967,9,9
967,968,9,9
968,969,9,9
969,970,9,9
970,971,9,9
971,972,9,9
972,973,9,9
973,974,9,9
974,975,7,9
975,976,9,9
976,977,9,9
977,978,9,9
978,979,9,9
979,980,9,9
980,981,9,9
981,982,9,9
982,983,9,9
983,984,9,9
984,985,9,9
985,986,9,9
986,987,9,9
987,988,9,9
988,989,9,9
989,990,9,9
990,991,9,9
991,992,9,9
992,993,9,9
993,994,6,9
994,995,9,9
995,996,9,9
996,997,9,9
997,998,9,9
998,999,9,9
999,1000,9,9
1000,1001,9,9
1001,1002,9,9
1002,1003,9,9
1003,1004,9,9
1004,1005,9,9
1005,1006,9,9
1006,1007,9,9
1007,1008,9,9
1008,1009,9,9
1009,1010,9,9
1010,1011,9,9
1011,1012,21,9
1012,1013,9,9
1013,1014,9,9
1014,1015,6,9
1015,1016,9,9
1016,1017,9,9
1017,1018,12,9
1018,1019,9,9
1019,1020,9,9
1020,1021,9,9
1021,1022,9,9
1022,1023,9,9
1023,1024,2,9
1024,1025,9,9
1025,1026,2,9
1026,1027,2,9
1027,1028,20,9
1028,1029,9,9
1029,1030,9,9
1030,1031,9,9
1031,1032,9,9
1032,1033,9,9
1033,1034,9,9
1034,1035,9,9
1035,1036,10,10
1036,1037,10,10
1037,1038,10,10
1038,1039,10,10
1039,1040,10,10
1040,1041,10,10
1041,1042,10,10
1042,1043,10,10
1043,1044,10,10
1044,1045,10,10
1045,1046,3,10
1046,1047,10,10
1047,1048,10,10
1048,1049,10,10
1049,1050,10,10
1050,1051,10,10
1051,1052,10,10
1052,1053,3,10
1053,1054,3,10
1054,1055,10,10
1055,1056,10,10
1056,1057,10,10
1057,1058,10,10
1058,1059,10,10
1059,1060,10,10
1060,1061,10,10
1061,1062,10,10
1062,1063,10,10
1063,1064,4,10
1064,1065,10,10
1065,1066,3,10
1066,1067,10,10
1067,1068,10,10
1068,1069,10,10
1069,1070,10,10
1070,1071,10,10
1071,1072,10,10
1072,1073,10,10
1073,1074,10,10
1074,1075,10,10
1075,1076,10,10
1076,1077,10,10
1077,1078,3,10
1078,1079,10,10
1079,1080,10,10
1080,1081,10,10
1081,1082,10,10
1082,1083,10,10
1083,1084,10,10
1084,1085,10,10
1085,1086,10,10
1086,1087,16,10
1087,1088,10,10
1088,1089,10,10
1089,1090,10,10
1090,1091,10,10
1091,1092,4,10
1092,1093,10,10
1093,1094,10,10
1094,1095,10,10
1095,1096,10,10
1096,1097,10,10
1097,1098,11,10
1098,1099,3,10
1099,1100,6,10
1100,1101,10,10
1101,1102,10,10
1102,1103,4,10
1103,1104,13,10
1104,1105,10,10
1105,1106,10,10
1106,1107,3,10
1107,1108,6,10
1108,1109,21,10
1109,1110,10,10
1110,1111,4,10
1111,1112,10,10
1112,1113,10,10
1113,1114,19,10
1114,1115,10,10
1115,1116,22,10
1116,1117,10,10
1117,1118,11,11
1118,1119,10,10
1119,1120,3,10
1120,1121,3,10
1121,1122,11,10
1122,1123,4,10
1123,1124,10,10
1124,1125,13,10
1125,1126,1,10
1126,1127,10,10
1127,1128,10,10
1128,1129,3,10
1129,1130,11,10
1130,1131,4,10
1131,1132,10,10
1132,1133,10,10
1133,1134,22,10
1134,1135,10,10
1135,1136,10,10
1136,1137,13,10
1137,1138,1,10
1138,1139,10,10
1139,1140,10,10
1140,1141,10,10
1141,1142,12,10
1142,1143,10,11
1143,1144,12,11
1144,1145,11,11
1145,1146,16,11
1146,1147,10,11
1147,1148,9,11
1148,1149,11,11
1149,1150,11,11
1150,1151,13,11
1151,1152,11,11
1152,1153,12,11
1153,1154,11,11
1154,1155,11,11
1155,1156,3,11
1156,1157,12,11
1157,1158,11,11
1158,1159,11,11
1159,1160,11,11
1160,1161,11,11
1161,1162,11,11
1162,1163,11,11
1163,1164,11,11
1164,1165,11,11
1165,1166,11,11
1166,1167,11,11
1167,1168,11,11
1168,1169,11,11
1169,1170,11,11
1170,1171,11,11
1171,1172,11,11
1172,1173,11,11
1173,1174,11,11
1174,1175,11,11
1175,1176,11,11
1176,1177,11,11
1177,1178,11,11
1178,1179,11,11
1179,1180,11,11
1180,1181,11,11
1181,1182,11,11
1182,1183,11,11
1183,1184,11,11
1184,1185,11,11
1185,1186,11,11
1186,1187,11,11
1187,1188,11,11
1188,1189,11,11
1189,1190,11,11
1190,1191,11,11
1191,1192,11,11
1192,1193,11,11
1193,1194,11,11
1194,1195,11,11
1195,1196,11,11
1196,1197,11,11
1197,1198,11,11
1198,1199,11,11
1199,1200,11,11
1200,1201,3,11
1201,1202,11,11
1202,1203,6,11
1203,1204,11,11
1204,1205,6,11
1205,1206,11,11
1206,1207,11,11
1207,1208,11,11
1208,1209,4,11
1209,1210,11,11
1210,1211,11,11
1211,1212,3,11
1212,1213,11,11
1213,1214,11,11
1214,1215,4,11
1215,1216,6,11
1216,1217,11,11
1217,1218,11,11
1218,1219,11,11
1219,1220,11,11
1220,1221,11,11
1221,1222,6,11
1222,1223,11,11
1223,1224,11,11
1224,1225,11,11
1225,1226,11,11
1226,1227,11,11
1227,1228,11,11
1228,1229,11,11
1229,1230,11,11
1230,1231,11,11
1231,1232,12,11
1232,1233,11,11
1233,1234,10,11
1234,1235,11,11
1235,1236,11,11
1236,1237,13,11
1237,1238,13,11
1238,1239,6,11
1239,1240,11,11
1240,1241,4,11
1241,1242,3,11
1242,1243,4,11
1243,1244,11,11
1244,1245,11,11
1245,1246,11,11
1246,1247,11,11
1247,1248,11,11
1248,1249,11,11
1249,1250,4,11
1250,1251,11,11
1251,1252,11,11
1252,1253,11,11
1253,1254,11,11
1254,1255,21,11
1255,1256,11,11
1256,1257,12,11
1257,1258,11,11
1258,1259,11,11
1259,1260,3,11
1260,1261,11,11
1261,1262,12,11
1262,1263,11,11
1263,1264,3,11
1264,1265,11,11
1265,1266,12,12
1266,1267,13,12
1267,1268,12,12
1268,1269,12,12
1269,1270,12,12
1270,1271,12,12
1271,1272,12,12
1272,1273,12,13
1273,1274,3,12
1274,1275,12,12
1275,1276,12,12
1276,1277,12,12
1277,1278,12,12
1278,1279,12,12
1279,1280,12,12
1280,1281,12,12
1281,1282,12,12
1282,1283,1,12
1283,1284,12,12
1284,1285,12,12
1285,1286,12,12
1286,1287,12,12
1287,1288,12,12
1288,1289,12,12
1289,1290,12,12
1290,1291,12,12
1291,1292,11,12
1292,1293,12,12
1293,1294,21,12
1294,1295,12,12
1295,1296,12,12
1296,1297,4,12
1297,1298,12,12
1298,1299,16,12
1299,1300,12,12
1300,1301,1,12
1301,1302,14,12
1302,1303,12,12
1303,1304,6,12
1304,1305,4,12
1305,1306,12,12
1306,1307,12,12
1307,1308,13,12
1308,1309,13,12
1309,1310,12,12
1310,1311,12,12
1311,1312,12,12
1312,1313,12,12
1313,1314,12,12
1314,1315,12,12
1315,1316,13,12
1316,1317,12,12
1317,1318,12,12
1318,1319,12,12
1319,1320,12,12
1320,1321,12,12
1321,1322,13,12
1322,1323,12,12
1323,1324,19,12
1324,1325,12,12
1325,1326,22,12
1326,1327,12,12
1327,1328,12,12
1328,1329,12,12
1329,1330,13,12
1330,1331,12,12
1331,1332,12,12
1332,1333,12,12
1333,1334,12,12
1334,1335,12,12
1335,1336,12,12
1336,1337,12,12
1337,1338,12,12
1338,1339,22,12
1339,1340,12,12
1340,1341,12,12
1341,1342,20,12
1342,1343,10,12
1343,1344,12,12
1344,1345,12,12
1345,1346,12,12
1346,1347,12,12
1347,1348,12,12
1348,1349,12,12
1349,1350,12,12
1350,1351,16,12
1351,1352,12,12
1352,1353,12,12
1353,1354,12,12
1354,1355,12,12
1355,1356,12,12
1356,1357,16,12
1357,1358,13,12
1358,1359,12,12
1359,1360,12,12
1360,1361,3,12
1361,1362,13,12
1362,1363,12,12
1363,1364,3,12
1364,1365,12,12
1365,1366,12,12
1366,1367,12,12
1367,1368,4,12
1368,1369,11,12
1369,1370,11,12
1370,1371,12,12
1371,1372,12,12
1372,1373,12,12
1373,1374,12,12
1374,1375,12,12
1375,1376,10,12
1376,1377,12,12
1377,1378,13,13
1378,1379,16,13
1379,1380,13,13
1380,1381,13,13
1381,1382,13,13
1382,1383,1,13
1383,1384,13,13
1384,1385,13,13
1385,1386,13,13
1386,1387,13,13
1387,1388,13,13
1388,1389,11,13
1389,1390,1,13
1390,1391,13,13
1391,1392,13,13
1392,1393,13,13
1393,1394,3,13
1394,1395,4,13
1395,1396,3,13
1396,1397,13,13
1397,1398,3,13
1398,1399,13,13
1399,1400,13,13
1400,1401,16,13
1401,1402,13,13
1402,1403,13,13
1403,1404,4,13
1404,1405,13,13
1405,1406,13,13
1406,1407,13,13
1407,1408,13,13
1408,1409,13,13
1409,1410,13,13
1410,1411,12,13
1411,1412,6,13
1412,1413,12,13
1413,1414,13,13
1414,1415,13,13
1415,1416,13,13
1416,1417,11,13
1417,1418,13,13
1418,1419,20,13
1419,1420,3,13
1420,1421,3,13
1421,1422,13,13
1422,1423,12,13
1423,1424,13,13
1424,1425,10,13
1425,1426,13,13
1426,1427,20,13
1427,1428,3,13
1428,1429,13,13
1429,1430,11,13
1430,1431,13,13
1431,1432,13,13
1432,1433,22,13
1433,1434,12,13
1434,1435,3,13
1435,1436,13,13
1436,1437,13,13
1437,1438,22,13
1438,1439,13,13
1439,1440,10,13
1440,1441,13,13
1441,1442,20,13
1442,1443,19,13
1443,1444,13,13
1444,1445,16,13
1445,1446,13,13
1446,1447,13,13
1447,1448,13,13
1448,1449,4,13
1449,1450,12,13
1450,1451,13,21
1451,1452,13,13
1452,1453,13,13
1453,1454,13,13
1454,1455,13,13
1455,1456,13,13
1456,1457,13,13
1457,1458,13,13
1458,1459,4,13
1459,1460,13,13
1460,1461,13,13
1461,1462,13,13
1462,1463,13,13
1463,1464,13,13
1464,1465,13,13
1465,1466,13,13
1466,1467,13,13
1467,1468,13,13
1468,1469,12,13
1469,1470,22,13
1470,1471,13,13
1471,1472,13,13
1472,1473,13,13
1473,1474,13,13
1474,1475,13,13
1475,1476,13,13
1476,1477,4,13
1477,1478,13,13
1478,1479,13,13
1479,1480,13,13
1480,1481,13,13
1481,1482,3,13
1482,1483,13,13
1483,1484,4,13
1484,1485,14,14
1485,1486,14,14
1486,1487,14,14
1487,1488,14,14
1488,1489,14,14
1489,1490,14,14
1490,1491,14,14
1491,1492,14,14
1492,1493,14,14
1493,1494,14,14
1494,1495,14,14
1495,1496,14,14
1496,1497,14,14
1497,1498,14,14
1498,1499,14,14
1499,1500,14,14
1500,1501,14,14
1501,1502,14,14
1502,1503,14,14
1503,1504,14,14
1504,1505,14,14
1505,1506,14,14
1506,1507,15,14
1507,1508,14,14
1508,1509,14,14
1509,1510,14,14
1510,1511,14,14
1511,1512,14,14
1512,1513,14,14
1513,1514,14,14
1514,1515,14,14
1515,1516,14,14
1516,1517,14,14
1517,1518,14,14
1518,1519,15,14
1519,1520,14,14
1520,1521,14,14
1521,1522,14,14
1522,1523,14,14
1523,1524,14,14
1524,1525,14,14
1525,1526,14,14
1526,1527,14,14
1527,1528,14,14
1528,1529,14,14
1529,1530,14,14
1530,1531,14,14
1531,1532,14,14
1532,1533,14,14
1533,1534,14,14
1534,1535,14,14
1535,1536,14,14
1536,1537,14,14
1537,1538,14,14
1538,1539,14,14
1539,1540,14,14
1540,1541,14,14
1541,1542,14,14
1542,1543,14,14
1543,1544,17,14
1544,1545,14,14
1545,1546,14,14
1546,1547,15,14
1547,1548,14,14
1548,1549,20,14
1549,1550,14,14
1550,1551,14,14
1551,1552,14,14
1552,1553,14,14
1553,1554,14,14
1554,1555,14,14
1555,1556,14,14
1556,1557,15,14
1557,1558,14,14
1558,1559,14,14
1559,1560,15,14
1560,1561,14,14
1561,1562,21,14
1562,1563,14,14
1563,1564,14,14
1564,1565,14,14
1565,1566,14,14
1566,1567,14,14
1567,1568,14,14
1568,1569,18,14
1569,1570,14,14
1570,1571,14,14
1571,1572,14,14
1572,1573,21,14
1573,1574,14,14
1574,1575,14,14
1575,1576,14,14
1576,1577,14,14
1577,1578,14,14
1578,1579,14,14
1579,1580,14,14
1580,1581,14,14
1581,1582,14,14
1582,1583,14,14
1583,1584,19,14
1584,1585,14,14
1585,1586,14,14
1586,1587,14,14
1587,1588,21,14
1588,1589,14,14
1589,1590,14,14
1590,1591,14,14
1591,1592,14,14
1592,1593,14,14
1593,1594,14,14
1594,1595,14,14
1595,1596,14,14
1596,1597,14,14
1597,1598,14,14
1598,1599,14,14
1599,1600,14,14
1600,1601,17,14
1601,1602,14,14
1602,1603,14,14
1603,1604,14,14
1604,1605,14,14
1605,1606,15,14
1606,1607,5,15
1607,1608,15,15
1608,1609,15,15
1609,1610,5,15
1610,1611,15,15
1611,1612,14,15
1612,1613,15,15
1613,1614,15,15
1614,1615,15,15
1615,1616,15,15
1616,1617,15,15
1617,1618,14,15
1618,1619,15,15
1619,1620,15,15
1620,1621,15,15
1621,1622,17,15
1622,1623,15,15
1623,1624,15,15
1624,1625,15,15
1625,1626,15,15
1626,1627,15,15
1627,1628,14,15
1628,1629,15,15
1629,1630,14,15
1630,1631,15,15
1631,1632,14,15
1632,1633,15,15
1633,1634,15,15
1634,1635,15,15
1635,1636,15,15
1636,1637,21,15
1637,1638,15,15
1638,1639,15,15
1639,1640,14,15
1640,1641,15,15
1641,1642,15,15
1642,1643,15,15
1643,1644,15,15
1644,1645,14,15
1645,1646,15,15
1646,1647,15,15
1647,1648,15,15
1648,1649,15,15
1649,1650,15,15
1650,1651,15,15
1651,1652,19,15
1652,1653,19,15
1653,1654,15,15
1654,1655,15,15
1655,1656,21,15
1656,1657,15,15
1657,1658,15,15
1658,1659,15,15
1659,1660,15,15
1660,1661,15,15
1661,1662,15,15
1662,1663,15,15
1663,1664,15,15
1664,1665,15,15
1665,1666,15,15
1666,1667,15,15
1667,1668,15,15
1668,1669,15,15
1669,1670,15,15
1670,1671,5,15
1671,1672,15,15
1672,1673,15,15
1673,1674,15,15
1674,1675,21,15
1675,1676,15,15
1676,1677,15,15
1677,1678,8,15
1678,1679,15,15
1679,1680,15,15
1680,1681,21,15
1681,1682,15,15
1682,1683,15,15
1683,1684,19,15
1684,1685,15,15
1685,1686,15,15
1686,1687,19,15
1687,1688,15,15
1688,1689,15,15
1689,1690,15,15
1690,1691,15,15
1691,1692,21,15
1692,1693,15,15
1693,1694,15,15
1694,1695,15,15
1695,1696,19,15
1696,1697,7,15
1697,1698,15,15
1698,1699,15,15
1699,1700,15,15
1700,1701,19,15
1701,1702,16,16
1702,1703,16,16
1703,1704,16,16
1704,1705,16,16
1705,1706,16,16
1706,1707,16,16
1707,1708,16,16
1708,1709,16,16
1709,1710,16,16
1710,1711,16,16
1711,1712,16,16
1712,1713,16,16
1713,1714,16,16
1714,1715,16,16
1715,1716,16,16
1716,1717,16,16
1717,1718,16,16
1718,1719,16,16
1719,1720,16,16
1720,1721,16,16
1721,1722,3,16
1722,1723,16,16
1723,1724,16,16
1724,1725,16,16
1725,1726,16,16
1726,1727,16,16
1727,1728,16,16
1728,1729,16,16
1729,1730,16,16
1730,1731,16,16
1731,1732,16,16
1732,1733,16,16
1733,1734,16,16
1734,1735,16,16
1735,1736,9,16
1736,1737,16,16
1737,1738,16,16
1738,1739,16,16
1739,1740,16,16
1740,1741,16,16
1741,1742,1,16
1742,1743,7,16
1743,1744,16,16
1744,1745,16,16
1745,1746,16,16
1746,1747,16,16
1747,1748,16,16
1748,1749,16,16
1749,1750,16,16
1750,1751,16,16
1751,1752,16,16
1752,1753,16,16
1753,1754,16,16
1754,1755,16,16
1755,1756,16,16
1756,1757,16,16
1757,1758,16,16
1758,1759,16,16
1759,1760,16,16
1760,1761,16,16
1761,1762,16,16
1762,1763,16,16
1763,1764,16,16
1764,1765,16,16
1765,1766,16,16
1766,1767,17,16
1767,1768,16,16
1768,1769,12,16
1769,1770,22,16
1770,1771,3,16
1771,1772,16,16
1772,1773,16,16
1773,1774,13,16
1774,1775,16,16
1775,1776,16,16
1776,1777,16,16
1777,1778,16,16
1778,1779,16,16
1779,1780,3,16
1780,1781,16,16
1781,1782,16,16
1782,1783,16,16
1783,1784,16,16
1784,1785,16,16
1785,1786,6,16
1786,1787,16,16
1787,1788,1,16
1788,1789,16,16
1789,1790,16,16
1790,1791,16,16
1791,1792,16,16
1792,1793,16,16
1793,1794,3,16
1794,1795,16,16
1795,1796,16,16
1796,1797,16,16
1797,1798,16,16
1798,1799,16,16
1799,1800,16,16
1800,1801,16,16
1801,1802,16,16
1802,1803,16,16
1803,1804,16,16
1804,1805,16,16
1805,1806,16,16
1806,1807,21,16
1807,1808,16,16
1808,1809,16,16
1809,1810,16,16
1810,1811,16,16
1811,1812,16,16
1812,1813,16,16
1813,1814,16,16
1814,1815,18,17
1815,1816,17,17
1816,1817,17,17
1817,1818,17,17
1818,1819,17,17
1819,1820,17,17
1820,1821,17,17
1821,1822,17,17
1822,1823,17,17
1823,1824,17,17
1824,1825,17,17
1825,1826,17,17
1826,1827,17,17
1827,1828,18,17
1828,1829,17,17
1829,1830,17,17
1830,1831,17,17
1831,1832,17,17
1832,1833,17,17
1833,1834,17,17
1834,1835,17,17
1835,1836,17,17
1836,1837,17,17
1837,1838,17,17
1838,1839,17,17
1839,1840,17,17
1840,1841,18,17
1841,1842,17,17
1842,1843,17,17
1843,1844,17,17
1844,1845,17,17
1845,1846,17,17
1846,1847,17,17
1847,1848,17,17
1848,1849,8,17
1849,1850,17,17
1850,1851,17,17
1851,1852,17,17
1852,1853,18,17
1853,1854,17,17
1854,1855,17,17
1855,1856,17,17
1856,1857,17,17
1857,1858,17,17
1858,1859,17,17
1859,1860,17,17
1860,1861,17,17
1861,1862,17,17
1862,1863,17,17
1863,1864,17,17
1864,1865,17,17
1865,1866,17,17
1866,1867,17,17
1867,1868,17,17
1868,1869,17,17
1869,1870,17,17
1870,1871,14,17
1871,1872,17,17
1872,1873,17,17
1873,1874,17,17
1874,1875,17,17
1875,1876,17,17
1876,1877,17,17
1877,1878,19,17
1878,1879,17,17
1879,1880,17,17
1880,1881,17,17
1881,1882,17,17
1882,1883,17,17
1883,1884,17,17
1884,1885,17,17
1885,1886,17,17
1886,1887,17,17
1887,1888,17,17
1888,1889,17,17
1889,1890,17,17
1890,1891,5,17
1891,1892,17,17
1892,1893,17,17
1893,1894,17,17
1894,1895,17,17
1895,1896,20,17
1896,1897,17,17
1897,1898,17,17
1898,1899,17,17
1899,1900,17,17
1900,1901,20,17
1901,1902,14,17
1902,1903,17,17
1903,1904,14,17
1904,1905,20,17
1905,1906,19,17
1906,1907,17,17
1907,1908,17,17
1908,1909,17,17
1909,1910,17,17
1910,1911,17,17
1911,1912,17,17
1912,1913,5,17
1913,1914,17,17
1914,1915,17,17
1915,1916,17,17
1916,1917,17,17
1917,1918,17,17
1918,1919,19,17
1919,1920,17,17
1920,1921,20,17
1921,1922,17,17
1922,1923,16,17
1923,1924,17,17
1924,1925,17,17
1925,1926,19,17
1926,1927,14,17
1927,1928,17,17
1928,1929,17,17
1929,1930,17,17
1930,1931,5,17
1931,1932,17,17
1932,1933,17,17
1933,1934,17,17
1934,1935,17,17
1935,1936,17,17
1936,1937,17,17
1937,1938,17,17
1938,1939,8,17
1939,1940,18,17
1940,1941,8,17
1941,1942,5,18
1942,1943,17,18
1943,1944,18,18
1944,1945,18,18
1945,1946,18,18
1946,1947,18,18
1947,1948,18,18
1948,1949,17,18
1949,1950,18,18
1950,1951,18,18
1951,1952,18,18
1952,1953,17,18
1953,1954,18,18
1954,1955,18,18
1955,1956,17,18
1956,1957,17,18
1957,1958,18,18
1958,1959,18,18
1959,1960,17,18
1960,1961,18,18
1961,1962,18,18
1962,1963,18,18
1963,1964,18,18
1964,1965,18,18
1965,1966,18,18
1966,1967,18,18
1967,1968,18,18
1968,1969,18,18
1969,1970,18,18
1970,1971,18,18
1971,1972,14,18
1972,1973,18,18
1973,1974,18,18
1974,1975,18,18
1975,1976,18,18
1976,1977,5,18
1977,1978,18,18
1978,1979,18,18
1979,1980,18,18
1980,1981,18,18
1981,1982,19,18
1982,1983,18,18
1983,1984,18,18
1984,1985,18,18
1985,1986,18,18
1986,1987,18,18
1987,1988,17,18
1988,1989,18,18
1989,1990,18,18
1990,1991,18,18
1991,1992,18,18
1992,1993,18,18
1993,1994,18,18
1994,1995,18,18
1995,1996,22,18
1996,1997,18,18
1997,1998,18,18
1998,1999,17,18
1999,2000,20,18
2000,2001,17,18
2001,2002,20,18
2002,2003,18,18
2003,2004,18,18
2004,2005,18,18
2005,2006,18,18
2006,2007,18,18
2007,2008,17,18
2008,2009,17,18
2009,2010,18,18
2010,2011,18,18
2011,2012,17,18
2012,2013,14,18
2013,2014,18,18
2014,2015,19,18
2015,2016,18,18
2016,2017,22,18
2017,2018,18,18
2018,2019,10,18
2019,2020,18,18
2020,2021,14,18
2021,2022,18,18
2022,2023,16,18
2023,2024,18,18
2024,2025,18,18
2025,2026,18,18
2026,2027,5,18
2027,2028,18,17
2028,2029,18,18
2029,2030,5,18
2030,2031,18,18
2031,2032,17,18
2032,2033,18,18
2033,2034,17,18
2034,2035,18,18
2035,2036,18,18
2036,2037,19,18
2037,2038,18,18
2038,2039,19,18
2039,2040,5,18
2040,2041,14,18
2041,2042,18,18
2042,2043,18,18
2043,2044,17,18
2044,2045,18,18
2045,2046,18,18
2046,2047,18,18
2047,2048,19,19
2048,2049,19,19
2049,2050,19,19
2050,2051,19,19
2051,2052,19,19
2052,2053,19,19
2053,2054,19,19
2054,2055,19,19
2055,2056,19,19
2056,2057,19,19
2057,2058,19,19
2058,2059,19,19
2059,2060,21,19
2060,2061,19,19
2061,2062,14,19
2062,2063,18,19
2063,2064,19,19
2064,2065,19,19
2065,2066,21,19
2066,2067,19,19
2067,2068,21,19
2068,2069,19,19
2069,2070,19,19
2070,2071,19,19
2071,2072,19,19
2072,2073,21,19
2073,2074,19,19
2074,2075,19,19
2075,2076,19,19
2076,2077,19,19
2077,2078,19,19
2078,2079,19,19
2079,2080,8,19
2080,2081,21,19
2081,2082,19,19
2082,2083,19,19
2083,2084,21,19
2084,2085,19,19
2085,2086,20,19
2086,2087,19,19
2087,2088,18,19
2088,2089,19,19
2089,2090,21,19
2090,2091,19,19
2091,2092,19,19
2092,2093,19,19
2093,2094,20,19
2094,2095,19,19
2095,2096,7,19
2096,2097,19,19
2097,2098,19,19
2098,2099,19,19
2099,2100,20,19
2100,2101,19,19
2101,2102,19,19
2102,2103,19,19
2103,2104,19,19
2104,2105,19,19
2105,2106,19,19
2106,2107,19,19
2107,2108,19,19
2108,2109,15,19
2109,2110,7,19
2110,2111,19,19
2111,2112,19,19
2112,2113,19,19
2113,2114,17,19
2114,2115,19,19
2115,2116,19,19
2116,2117,19,19
2117,2118,19,19
2118,2119,19,19
2119,2120,10,19
2120,2121,19,19
2121,2122,22,19
2122,2123,7,19
2123,2124,19,19
2124,2125,19,19
2125,2126,7,19
2126,2127,21,19
2127,2128,19,19
2128,2129,19,19
2129,2130,19,19
2130,2131,19,19
2131,2132,19,19
2132,2133,21,19
2133,2134,19,19
2134,2135,22,19
2135,2136,3,19
2136,2137,19,19
2137,2138,19,19
2138,2139,19,19
2139,2140,19,19
2140,2141,19,19
2141,2142,19,19
2142,2143,19,19
2143,2144,19,19
2144,2145,19,19
2145,2146,19,19
2146,2147,17,19
2147,2148,19,19
2148,2149,19,19
2149,2150,19,19
2150,2151,19,19
2151,2152,19,19
2152,2153,19,19
2153,2154,19,19
2154,2155,19,19
2155,2156,5,15
2156,2157,12,19
2157,2158,19,19
2158,2159,20,20
2159,2160,20,20
2160,2161,20,20
2161,2162,20,20
2162,2163,20,20
2163,2164,20,20
2164,2165,20,20
2165,2166,16,20
2166,2167,20,20
2167,2168,20,20
2168,2169,20,20
2169,2170,20,20
2170,2171,17,20
2171,2172,20,20
2172,2173,20,20
2173,2174,17,20
2174,2175,20,20
2175,2176,20,20
2176,2177,20,20
2177,2178,20,20
2178,2179,20,20
2179,2180,20,20
2180,2181,20,20
2181,2182,20,20
2182,2183,20,20
2183,2184,20,20
2184,2185,20,20
2185,2186,17,20
2186,2187,20,20
2187,2188,9,20
2188,2189,20,20
2189,2190,22,20
2190,2191,17,20
2191,2192,20,20
2192,2193,21,20
2193,2194,8,20
2194,2195,20,20
2195,2196,20,20
2196,2197,20,20
2197,2198,21,20
2198,2199,20,20
2199,2200,20,20
2200,2201,20,20
2201,2202,20,20
2202,2203,20,20
2203,2204,19,20
2204,2205,20,20
2205,2206,20,20
2206,2207,21,20
2207,2208,20,20
2208,2209,20,20
2209,2210,20,20
2210,2211,17,20
2211,2212,19,20
2212,2213,20,20
2213,2214,19,20
2214,2215,19,20
2215,2216,14,20
2216,2217,20,20
2217,2218,20,20
2218,2219,20,20
2219,2220,20,20
2220,2221,15,20
2221,2222,15,20
2222,2223,9,20
2223,2224,17,20
2224,2225,20,20
2225,2226,17,20
2226,2227,7,20
2227,2228,19,20
2228,2229,20,20
2229,2230,17,20
2230,2231,9,20
2231,2232,20,20
2232,2233,20,20
2233,2234,20,20
2234,2235,20,20
2235,2236,20,20
2236,2237,20,20
2237,2238,19,20
2238,2239,20,20
2239,2240,20,20
2240,2241,20,20
2241,2242,20,20
2242,2243,21,20
2243,2244,20,20
2244,2245,20,20
2245,2246,2,20
2246,2247,20,20
2247,2248,21,20
2248,2249,20,20
2249,2250,20,20
2250,2251,21,20
2251,2252,20,20
2252,2253,20,20
2253,2254,19,20
2254,2255,20,20
2255,2256,9,20
2256,2257,20,20
2257,2258,2,20
2258,2259,2,20
2259,2260,17,20
2260,2261,20,20
2261,2262,20,20
2262,2263,20,20
2263,2264,19,20
2264,2265,20,20
2265,2266,20,20
2266,2267,20,20
2267,2268,14,20
2268,2269,20,20
2269,2270,20,20
2270,2271,20,20
2271,2272,21,20
2272,2273,20,20
2273,2274,21,21
2274,2275,21,21
2275,2276,21,21
2276,2277,21,21
2277,2278,17,21
2278,2279,21,21
2279,2280,20,21
2280,2281,21,21
2281,2282,21,21
2282,2283,21,21
2283,2284,21,21
2284,2285,21,21
2285,2286,21,21
2286,2287,20,21
2287,2288,21,21
2288,2289,21,21
2289,2290,21,21
2290,2291,8,21
2291,2292,5,21
2292,2293,21,21
2293,2294,21,21
2294,2295,21,21
2295,2296,21,21
2296,2297,21,21
2297,2298,21,21
2298,2299,17,21
2299,2300,21,21
2300,2301,21,21
2301,2302,21,21
2302,2303,20,21
2303,2304,21,21
2304,2305,14,21
2305,2306,21,21
2306,2307,21,21
2307,2308,21,21
2308,2309,21,21
2309,2310,21,21
2310,2311,21,21
2311,2312,21,21
2312,2313,9,21
2313,2314,21,21
2314,2315,21,21
2315,2316,21,21
2316,2317,21,21
2317,2318,21,21
2318,2319,14,21
2319,2320,21,21
2320,2321,21,21
2321,2322,2,21
2322,2323,20,21
2323,2324,14,21
2324,2325,21,21
2325,2326,21,21
2326,2327,15,21
2327,2328,21,21
2328,2329,21,21
2329,2330,21,21
2330,2331,21,21
2331,2332,21,21
2332,2333,21,21
2333,2334,21,21
2334,2335,19,21
2335,2336,7,21
2336,2337,21,21
2337,2338,21,21
2338,2339,21,21
2339,2340,21,21
2340,2341,19,21
2341,2342,21,21
2342,2343,20,21
2343,2344,20,21
2344,2345,8,21
2345,2346,7,21
2346,2347,21,21
2347,2348,21,21
2348,2349,21,21
2349,2350,17,21
2350,2351,19,21
2351,2352,6,21
2352,2353,21,21
2353,2354,19,21
2354,2355,21,21
2355,2356,21,21
2356,2357,21,21
2357,2358,21,21
2358,2359,21,21
2359,2360,21,21
2360,2361,21,21
2361,2362,21,21
2362,2363,21,21
2363,2364,19,21
2364,2365,21,21
2365,2366,21,21
2366,2367,21,21
2367,2368,21,21
2368,2369,21,21
2369,2370,15,21
2370,2371,21,21
2371,2372,21,21
2372,2373,21,21
2373,2374,21,21
2374,2375,21,21
2375,2376,21,21
2376,2377,21,21
2377,2378,21,21
2378,2379,21,21
2379,2380,10,21
2380,2381,21,21
2381,2382,20,21
2382,2383,21,21
2383,2384,21,21
2384,2385,21,21
2385,2386,21,21
2386,2387,19,21
2387,2388,15,21
2388,2389,21,21
2389,2390,21,21
2390,2391,22,22
2391,2392,20,22
2392,2393,16,22
2393,2394,21,22
2394,2395,1,22
2395,2396,20,22
2396,2397,22,22
2397,2398,22,22
2398,2399,22,22
2399,2400,17,22
2400,2401,22,22
2401,2402,19,22
2402,2403,22,22
2403,2404,20,22
2404,2405,22,22
2405,2406,22,22
2406,2407,22,22
2407,2408,13,22
2408,2409,21,22
2409,2410,21,22
2410,2411,22,22
2411,2412,9,22
2412,2413,22,22
2413,2414,22,22
2414,2415,19,22
2415,2416,20,22
2416,2417,22,22
2417,2418,19,22
2418,2419,21,22
2419,2420,22,22
2420,2421,22,22
2421,2422,21,22
2422,2423,12,22
2423,2424,22,22
2424,2425,22,22
2425,2426,22,22
2426,2427,22,22
2427,2428,22,22
2428,2429,13,22
2429,2430,21,22
2430,2431,20,22
2431,2432,22,22
2432,2433,19,22
2433,2434,22,22
2434,2435,22,22
2435,2436,22,22
2436,2437,3,22
2437,2438,22,22
2438,2439,22,22
2439,2440,10,22
2440,2441,3,22
2441,2442,9,22
2442,2443,22,22
2443,2444,22,22
2444,2445,22,22
2445,2446,22,22
2446,2447,22,22
2447,2448,6,22
2448,2449,22,22
2449,2450,19,22
2450,2451,3,22
2451,2452,21,22
2452,2453,22,22
2453,2454,16,22
2454,2455,22,22
2455,2456,22,22
2456,2457,3,22
2457,2458,21,22
2458,2459,22,22
2459,2460,22,22
2460,2461,22,22
2461,2462,11,22
2462,2463,22,22
2463,2464,3,22
2464,2465,22,22
2465,2466,11,22
2466,2467,21,22
2467,2468,21,22
2468,2469,22,22
2469,2470,22,22
2470,2471,3,22
2471,2472,3,22
2472,2473,22,22
2473,2474,22,22
2474,2475,6,22
2475,2476,22,22
2476,2477,3,22
2477,2478,22,22
2478,2479,4,22
2479,2480,10,22
2480,2481,21,22
2481,2482,22,22
2482,2483,12,22
2483,2484,3,22
2484,2485,19,22
2485,2486,22,22
2486,2487,22,22
2487,2488,4,22
2488,2489,22,22
2489,2490,16,22
2490,2491,22,22
2491,2492,22,22
2492,2493,22,22
2493,2494,3,22
2494,2495,22,22
2495,2496,22,22
2496,2497,22,22
2497,2498,22,22
2498,2499,22,22
2499,2500,22,22
